Model,Accuracy,Precision,Recall,F1 Score,ROC AUC,CV Accuracy,Training Time
LightGBM,0.9773857982813207,0.9720223820943246,0.9878147847278635,0.9798549556809025,0.9975546676834828,0.9708280363934938,1.6548914909362793
CatBoost,0.9746720940750792,0.9666401906274821,0.9886271324126726,0.9775100401606426,0.9975331156020492,0.970375547705711,0.9019248485565186
Random Forest,0.973767526006332,0.9710843373493976,0.9821283509341998,0.9765751211631664,0.9977938128947761,0.9707147223806686,0.9612658023834229
XGBoost,0.9728629579375848,0.970281124497992,0.9813160032493907,0.975767366720517,0.9970108920903862,0.96958414013081,0.3896639347076416
Logistic Regression,0.9289914066033469,0.9241706161137441,0.950446791226645,0.9371245494593512,0.9808020689998175,0.9280864000163704,0.022524595260620117
