Metric,Value
Accuracy,0.9760289461781999
Precision,0.9719551282051282
Recall,0.9853777416734363
F1 Score,0.9786204114562324
ROC AUC,0.9980313002536514
Cross Validation Accuracy,0.9696969696969697
Training Time (sec),9.599353551864624
